step,finding_id,description,values
1,environment.resolved,"Interpreter, resolved package versions, matplotlib backend and the single RNG seed recorded. Package versions were checked against requirements.lock.txt.","{""machine"":""arm64"",""matplotlib_backend"":""Agg"",""matplotlib_version"":""3.11.1"",""n_resamples"":10000,""packages"":{""matplotlib"":""3.11.1"",""numpy"":""2.5.3"",""pandas"":""3.0.5"",""scipy"":""1.18.1"",""statsmodels"":""0.15.0""},""platform"":""macOS-26.6.2-arm64-arm-64bit"",""python_implementation"":""CPython"",""python_version"":""3.12.14"",""random_seed"":20260910}"
2,input.checksum_verified,Raw input located and its SHA-256 verified against the value recorded in assumptions.md entry A-072.,"{""dataset_slug"":""mursideyarkin/mobile-games-ab-testing-cookie-cats"",""file_name"":""cookie_cats.csv"",""recorded_row_count"":90189,""sha256"":""5ab54d761fbddcd50de7b88e4eaf7837cba4569474f50c043a4d17ee342c46bd""}"
4,input.raw_shape,Raw row count and column set recorded.,"{""columns"":[""userid"",""version"",""sum_gamerounds"",""retention_1"",""retention_7""],""raw_rows"":90189}"
4,input.row_count_vs_record,"Raw row count pandas sees, compared against the data-row count recorded in assumptions.md A-072. Both exclude the header row. Step 20 asserts they are equal.","{""agree"":true,""observed"":90189,""recorded"":90189}"
5,structural.gate_passed,"Every value in version, retention_1, retention_7 and sum_gamerounds lies inside its column's token sets. The file is the file ARCHITECTURE.md describes.","{""distinct_tokens"":{""retention_1"":2,""retention_7"":2,""sum_gamerounds"":942,""version"":2}}"
7,unassignable.count,"Rows whose version is missing were never assigned, so they enter neither arm of the SRM denominator and are excluded from everything.","{""count"":0,""raw_rows"":90189,""share_of_raw_rows"":0.0,""threshold"":0.001}"
8,srm.result,"Sample ratio mismatch tested on the assignment population against a hypothesised 1:1 allocation (A-008), by two-sided exact binomial test with the 1-df chi-square goodness-of-fit statistic reported alongside. The denominator is fixed before any exclusion (§2.2).","{""chi2_df"":1,""chi2_p"":0.008607987810836243,""chi2_statistic"":6.9024049496058275,""control_count"":44700,""exact_binomial_p"":0.008692234389090954,""expected_per_arm"":45094.5,""failure_threshold"":0.001,""imbalance_rows"":-789,""n"":90189,""observed_control_share"":0.49562585237667567,""tripped"":false,""variant_count"":45489}"
9,coercion.assertions_passed,"Three-state coercion preserved the file: non-missing retention values are exactly {True, False}, state counts sum to the raw row count, every coerced state count equals its pre-coercion source-token total, version's non-missing values are exactly the arm set with the unassignable count equal to its missing count, and sum_gamerounds is a non-negative nullable integer.","{""retention_1"":{""false"":50036,""missing"":0,""true"":40153},""retention_7"":{""false"":73408,""missing"":0,""true"":16781},""sum_gamerounds"":{""max"":49854,""min"":0,""missing"":0},""version"":{""arms"":[""gate_30"",""gate_40""],""missing"":0}}"
10,duplicates.uniqueness_assertion,"userid uniqueness was asserted rather than assumed, and the result is reported whether or not duplicates exist (§5.2).","{""assignable_rows"":90189,""cross_arm"":0,""cross_arm_share_of_raw_rows"":0.0,""duplicate_userids_all_rows"":0,""duplicate_userids_assignable"":0,""rows_dropped_as_export_artefact"":0,""same_arm_conflicting"":0,""same_arm_identical"":0,""unique_assignable_userids"":90189,""userids_excluded_from_metrics"":0}"
11,missing.retention_1,"Missing values in retention_1, counted per arm and excluded from that metric only, never from the whole analysis (§5.3). Differential missingness between arms is reported regardless of whether any threshold is approached.","{""differential_pp"":0.0,""gate_30_assigned"":44700,""gate_30_missing"":0,""gate_30_share"":0.0,""gate_40_assigned"":45489,""gate_40_missing"":0,""gate_40_share"":0.0,""is_primary"":false}"
11,missing.retention_7,"Missing values in retention_7, counted per arm and excluded from that metric only, never from the whole analysis (§5.3). Differential missingness between arms is reported regardless of whether any threshold is approached.","{""differential_pp"":0.0,""gate_30_assigned"":44700,""gate_30_missing"":0,""gate_30_share"":0.0,""gate_40_assigned"":45489,""gate_40_missing"":0,""gate_40_share"":0.0,""is_primary"":true}"
12,populations.differential_exclusion,Post-exclusion arm counts reported next to the SRM result as a DESCRIPTIVE check on whether exclusions fell unevenly between arms (§2.2). No test and no threshold is attached: a second SRM-style test on a cleaned population would reintroduce exactly the cleaning-upstream-of-integrity problem the rule exists to prevent.,"{""rows"":[{""analysed"":44700,""arm"":""gate_30"",""assigned"":44700,""excluded"":0,""excluded_share_of_assigned"":0.0,""metric"":""retention_1""},{""analysed"":45489,""arm"":""gate_40"",""assigned"":45489,""excluded"":0,""excluded_share_of_assigned"":0.0,""metric"":""retention_1""},{""analysed"":44700,""arm"":""gate_30"",""assigned"":44700,""excluded"":0,""excluded_share_of_assigned"":0.0,""metric"":""retention_7""},{""analysed"":45489,""arm"":""gate_40"",""assigned"":45489,""excluded"":0,""excluded_share_of_assigned"":0.0,""metric"":""retention_7""}]}"
13,power.computed,"Power reported descriptively for a fixed-n dataset: it answers what this experiment could have seen, and is not a sample-size calculation (§3, A-013).","{""alpha"":0.05,""baseline_control_rate"":0.19020134228187918,""comparison_sentence"":""The smallest effect detectable at 80% power is 0.74 pp, which is smaller than the 1.00 pp action threshold: this sample can detect effects smaller than the one we would act on."",""detectable_at_80_pp"":0.7376544109938764,""detectable_at_95_pp"":0.9510879305666335,""effect_pp"":1.0,""n_control"":44700,""n_variant"":45489,""power_at_mde"":0.9662610250528737}"
14,primary.inference,"Primary inference on retention_7: pooled-variance two-sided z-test, unpooled analytic interval, and the seeded stratified bootstrap with 10000 resamples giving the percentile interval and its Monte Carlo standard error. The estimand is the intention-to-treat effect on assigned players (§4.1, A-007).","{""alpha"":0.05,""analytic_ci_high_pp"":-0.3121044211526281,""analytic_ci_low_pp"":-1.3281552418885545,""bootstrap_ci_high_pp"":-0.3085228953500248,""bootstrap_ci_low_pp"":-1.3358084504831251,""bootstrap_endpoint_mc_se_high_pp"":0.007767860196995765,""bootstrap_endpoint_mc_se_low_pp"":0.007223862311162353,""bootstrap_mc_se_pp"":0.2610116885297426,""delta_pp"":-0.8201298315205913,""n_control"":44700,""n_resamples"":10000,""n_variant"":45489,""p_value"":0.0015542499756143289,""pooled_proportion"":0.1860648194347426,""rate_control"":0.19020134228187918,""rate_control_pp"":19.020134228187917,""rate_variant"":0.18200004396667327,""rate_variant_pp"":18.200004396667328,""se_pooled_pp"":0.2591772469982941,""se_unpooled_pp"":0.25920140082940446,""significant"":true,""successes_control"":8502,""successes_variant"":8279,""z_statistic"":-3.164358912748191}"
15,conflict.evaluation,Reconciliation of the z-test and the bootstrap (§4.3). The z-test is the confirmatory instrument and decides significance; the bootstrap is the estimation instrument and decides the action-threshold comparison. No conflict: the test and the interval agree.,"{""bootstrap_mc_se_pp"":0.2610116885297426,""case"":null,""ci_contains_zero"":false,""conflict"":false,""p_value"":0.0015542499756143289,""significant"":true}"
16,guardrail.inference,"Guardrail inference on retention_1: point estimate and 95% intervals reported with the same precision as the primary, with NO alpha allocated and NO test decision (§1.2, A-003). The guardrail can hold a recommendation but never create one.","{""analytic_ci_high_pp"":0.058209987476230164,""analytic_ci_low_pp"":-1.2392439449445216,""bootstrap_ci_high_pp"":0.050673918364508796,""bootstrap_ci_low_pp"":-1.2490027458515311,""bootstrap_mc_se_pp"":0.3315849601609677,""delta_pp"":-0.5905169787341458,""interval_excludes_zero"":false,""n_control"":44700,""n_resamples"":10000,""n_variant"":45489,""rate_control"":0.4481879194630872,""rate_control_pp"":44.81879194630872,""rate_variant"":0.44228274967574577,""rate_variant_pp"":44.22827496757458,""se_unpooled_pp"":0.33098922803043906,""successes_control"":20034,""successes_variant"":20119,""test_performed"":false}"
17,engagement.descriptives,"sum_gamerounds summarised with and without the extreme observation, with the retained version primary in all cases (§5.1, A-021), alongside the median and a mean winsorised at the pooled 99th percentile (cap 493). The extreme value is disclosed with its arm; it is implausible-but-unverifiable, and this dataset contains nothing that can adjudicate whether it is a human, a logging artefact or an automated client. It is kept because removing rows from a randomised experiment on the basis of an outcome variable is a post-randomisation selection process, and because it is already counted in the SRM denominator fixed at step 8.","{""extreme_arm"":""gate_30"",""extreme_tied_rows"":1,""extreme_value"":49854,""missing_sum_gamerounds"":0,""n_analysed"":90189,""winsor_cap"":493.0,""winsor_percentile"":99.0}"
18,decision.pipeline,"Recommendation derived mechanically from §1.6's three stages. The write-up quotes the full path — precondition state, branch, modifier — by rule name. No other consideration may alter it.","{""precondition"":""clean"",""recommendation"":""Keep the gate at level 30."",""recommendation_withheld"":false,""rule_path"":""Stage 1: clean | Stage 2: R3 | Stage 3: R10"",""stage2_branch"":""R3"",""stage2_drives_recommendation"":true,""stage3_modifier"":""R10""}"
