field,row_kind,value,events,users,event_share_ppm,value_rank,distinct_non_null_values,null_events,null_share_ppm
app_info.version,summary,,5700000,,,,34,0,0
app_info.version,value,2.62,2753998,6591,483158,1,,,
app_info.version,value,2.6.31,1461036,3911,256322,2,,,
app_info.version,value,2.6.30,688468,3568,120784,3,,,
app_info.version,value,2.6.27,361635,802,63445,4,,,
app_info.version,value,2.59,185834,412,32602,5,,,
app_info.version,value,2.6.26,62156,178,10905,6,,,
app_info.version,value,2.57,40320,148,7074,7,,,
app_info.version,value,2.6.10,32046,180,5622,8,,,
app_info.version,value,2.52,25135,80,4410,9,,,
app_info.version,value,2.6.22,16293,90,2858,10,,,
app_info.version,value,2.6.21,14004,63,2457,11,,,
app_info.version,value,2.58,13868,27,2433,12,,,
app_info.version,value,2.6.29,10202,62,1790,13,,,
app_info.version,value,2.2.5,4859,56,852,14,,,
app_info.version,value,2.53,4401,45,772,15,,,
app_info.version,value,2.5.5,3581,12,628,16,,,
app_info.version,value,2.6.25,3551,24,623,17,,,
app_info.version,value,2.6.24,2919,13,512,18,,,
app_info.version,value,2.60,2434,34,427,19,,,
app_info.version,value,2.6.8,2310,11,405,20,,,
app_info.version,value,2.50,2215,22,389,21,,,
app_info.version,value,2.41,2133,24,374,22,,,
app_info.version,value,2.4.1,2093,40,367,23,,,
app_info.version,value,2.3.7,1468,11,258,24,,,
app_info.version,value,2.6.9,753,3,132,25,,,
app_info.version,value,2.0,646,20,113,26,,,
app_info.version,value,2.6.7,473,13,83,27,,,
app_info.version,value,2.63,455,55,80,28,,,
app_info.version,value,2.6.20,295,7,52,29,,,
app_info.version,value,2.4,271,8,48,30,,,
app_info.version,value,2.6.6,76,5,13,31,,,
app_info.version,value,2.51,43,2,8,32,,,
app_info.version,value,2.48,24,1,4,33,,,
app_info.version,value,2.46,5,1,1,34,,,
device.category,summary,,5700000,,,,2,0,0
device.category,value,mobile,4167158,11774,731080,1,,,
device.category,value,tablet,1532842,3401,268920,2,,,
device.language,summary,,5700000,,,,229,0,0
device.language,value,en-us,3725394,8938,653578,1,,,
device.language,value,ja-jp,472886,743,82962,2,,,
device.language,value,en-gb,386779,1355,67856,3,,,
device.language,value,de-de,161094,283,28262,4,,,
device.language,value,en-au,149821,538,26284,5,,,
device.language,value,en-ca,131799,563,23123,6,,,
device.language,value,pt-br,68304,169,11983,7,,,
device.language,value,fr-fr,56457,189,9905,8,,,
device.language,value,en,52915,256,9283,9,,,
device.language,value,en-se,39123,2,6864,10,,,
device.language,value,en-in,38266,266,6713,11,,,
device.language,value,ko-kr,29938,20,5252,12,,,
device.language,value,es-mx,26030,111,4567,13,,,
device.language,value,zh-tw,23940,117,4200,14,,,
device.language,value,es-us,22647,125,3973,15,,,
device.language,value,zh-hans-cn,20603,102,3615,16,,,
device.language,value,en-za,19115,46,3354,17,,,
device.language,value,nl-nl,18647,72,3271,18,,,
device.language,value,zh-cn,15134,22,2655,19,,,
device.language,value,es-es,14271,72,2504,20,,,
device.language,value,fr-ca,12922,65,2267,21,,,
device.language,value,de-at,11850,31,2079,22,,,
device.language,value,da-dk,9820,26,1723,23,,,
device.language,value,fr-be,9366,2,1643,24,,,
device.language,value,ar-eg,9284,10,1629,25,,,
device.language,value,en-nz,8445,45,1482,26,,,
device.language,value,sv-se,7713,27,1353,27,,,
device.language,value,ja,6390,22,1121,28,,,
device.language,value,vi-vn,6221,66,1091,29,,,
device.language,value,ar-sa,6059,37,1063,30,,,
device.language,value,ru-ru,6005,62,1054,31,,,
device.language,value,sl-si,5870,6,1030,32,,,
device.language,value,lt-lt,5617,1,985,33,,,
device.language,value,en-mx,5531,4,970,34,,,
device.language,value,zh-hans-us,5479,6,961,35,,,
device.language,value,pl-pl,5412,17,949,36,,,
device.language,value,es-co,5154,15,904,37,,,
device.language,value,he-il,4426,15,776,38,,,
device.language,value,es-ar,4217,21,740,39,,,
device.language,value,iw-il,4125,18,724,40,,,
device.language,value,zh-hk,3868,15,679,41,,,
device.language,value,in-id,3627,38,636,42,,,
device.language,value,de-ch,3415,19,599,43,,,
device.language,value,en-ph,3341,31,586,44,,,
device.language,value,ar-ae,3097,17,543,45,,,
device.language,value,en-il,2937,8,515,46,,,
device.language,value,ru-us,2850,2,500,47,,,
device.language,value,th-th,2734,18,480,48,,,
device.language,value,tr-tr,2721,19,477,49,,,
device.language,value,it-it,2315,30,406,50,,,
device.operating_system,summary,,5700000,,,,2,337374,59188
device.operating_system,value,ANDROID,2922851,7159,512781,1,,,
device.operating_system,value,IOS,2439775,7207,428031,2,,,
device.operating_system,value,,337374,2417,59188,3,,,
geo.country,summary,,5700000,,,,155,0,0
geo.country,value,United States,3507683,8168,615383,1,,,
geo.country,value,Japan,482972,808,84732,2,,,
geo.country,value,United Kingdom,222097,592,38964,3,,,
geo.country,value,India,179400,1073,31474,4,,,
geo.country,value,Canada,158185,704,27752,5,,,
geo.country,value,Australia,154799,573,27158,6,,,
geo.country,value,Germany,147913,305,25950,7,,,
geo.country,value,Brazil,77626,202,13619,8,,,
geo.country,value,Jordan,70908,22,12440,9,,,
geo.country,value,France,56304,194,9878,10,,,
geo.country,value,Mexico,50147,222,8798,11,,,
geo.country,value,Pakistan,46009,95,8072,12,,,
geo.country,value,South Africa,44667,64,7836,13,,,
geo.country,value,Spain,43960,87,7712,14,,,
geo.country,value,Belgium,31621,22,5548,15,,,
geo.country,value,Taiwan,25782,137,4523,16,,,
geo.country,value,South Korea,24087,24,4226,17,,,
geo.country,value,China,23042,130,4042,18,,,
geo.country,value,Netherlands,22735,101,3989,19,,,
geo.country,value,Israel,20419,71,3582,20,,,
geo.country,value,Egypt,18647,86,3271,21,,,
geo.country,value,Saudi Arabia,15926,88,2794,22,,,
geo.country,value,Indonesia,15207,75,2668,23,,,
geo.country,value,Austria,12189,43,2138,24,,,
geo.country,value,Lebanon,11741,44,2060,25,,,
geo.country,value,Argentina,11448,54,2008,26,,,
geo.country,value,Philippines,11310,81,1984,27,,,
geo.country,value,Sweden,10649,35,1868,28,,,
geo.country,value,Denmark,9864,31,1731,29,,,
geo.country,value,Vietnam,9279,90,1628,30,,,
geo.country,value,New Zealand,9053,50,1588,31,,,
geo.country,value,Morocco,8278,23,1452,32,,,
geo.country,value,Lithuania,7309,7,1282,33,,,
geo.country,value,Turkey,7161,34,1256,34,,,
geo.country,value,Singapore,7071,40,1241,35,,,
geo.country,value,Slovenia,6976,12,1224,36,,,
geo.country,value,Hong Kong,6694,46,1174,37,,,
geo.country,value,Russia,6584,49,1155,38,,,
geo.country,value,Colombia,6178,48,1084,39,,,
geo.country,value,United Arab Emirates,6115,52,1073,40,,,
geo.country,value,Thailand,5896,47,1034,41,,,
geo.country,value,Poland,5859,24,1028,42,,,
geo.country,value,Switzerland,5547,41,973,43,,,
geo.country,value,Bangladesh,5357,66,940,44,,,
geo.country,value,,5240,42,919,45,,,
geo.country,value,Peru,4953,21,869,46,,,
geo.country,value,Malaysia,4285,54,752,47,,,
geo.country,value,Ecuador,3843,11,674,48,,,
geo.country,value,Italy,3801,61,667,49,,,
geo.country,value,Puerto Rico,3715,27,652,50,,,
geo.region,summary,,5700000,,,,50,5048360,885677
geo.region,value,,5048360,13393,885677,1,,,
geo.region,value,Texas,137877,300,24189,2,,,
geo.region,value,Illinois,122817,185,21547,3,,,
geo.region,value,New York,51896,269,9105,4,,,
geo.region,value,California,48574,263,8522,5,,,
geo.region,value,Washington,38699,97,6789,6,,,
geo.region,value,Osaka Prefecture,34092,96,5981,7,,,
geo.region,value,New South Wales,30545,135,5359,8,,,
geo.region,value,,29599,357,5193,9,,,
geo.region,value,Kanagawa Prefecture,27077,44,4750,10,,,
geo.region,value,Victoria,19941,101,3498,11,,,
geo.region,value,Colorado,19743,63,3464,12,,,
geo.region,value,District of Columbia,10706,101,1878,13,,,
geo.region,value,Oregon,9532,30,1672,14,,,
geo.region,value,England,8315,95,1459,15,,,
geo.region,value,Karnataka,7908,51,1387,16,,,
geo.region,value,Pennsylvania,5602,35,983,17,,,
geo.region,value,Arizona,5568,29,977,18,,,
geo.region,value,Queensland,4746,45,833,19,,,
geo.region,value,Telangana,4386,78,769,20,,,
geo.region,value,Georgia,4047,58,710,21,,,
geo.region,value,Ile-de-France,3829,21,672,22,,,
geo.region,value,Aichi Prefecture,2928,27,514,23,,,
geo.region,value,Utah,2785,25,489,24,,,
geo.region,value,Minnesota,2378,33,417,25,,,
geo.region,value,Delhi,2356,11,413,26,,,
geo.region,value,Maharashtra,1904,18,334,27,,,
geo.region,value,North Carolina,1403,17,246,28,,,
geo.region,value,Nebraska,1357,22,238,29,,,
geo.region,value,Ohio,1281,12,225,30,,,
geo.region,value,Alberta,1158,18,203,31,,,
geo.region,value,Tamil Nadu,1019,32,179,32,,,
geo.region,value,Hamburg,844,6,148,33,,,
geo.region,value,Mexico City,772,6,135,34,,,
geo.region,value,South Australia,633,6,111,35,,,
geo.region,value,Tel Aviv District,620,6,109,36,,,
geo.region,value,Wisconsin,569,7,100,37,,,
geo.region,value,Tokyo,479,17,84,38,,,
geo.region,value,Taipei City,450,12,79,39,,,
geo.region,value,Massachusetts,432,25,76,40,,,
geo.region,value,Indiana,430,15,75,41,,,
geo.region,value,Missouri,327,6,57,42,,,
geo.region,value,Nevada,312,6,55,43,,,
geo.region,value,Hawaii,303,6,53,44,,,
geo.region,value,New Jersey,290,6,51,45,,,
geo.region,value,Arkansas,286,6,50,46,,,
geo.region,value,Kansas,282,13,49,47,,,
geo.region,value,Ontario,167,20,29,48,,,
geo.region,value,Quebec,166,6,29,49,,,
geo.region,value,Tennessee,149,6,26,50,,,
platform,summary,,5700000,,,,2,0,0
platform,value,ANDROID,3031782,7410,531892,1,,,
platform,value,IOS,2668218,7765,468108,2,,,
traffic_source.medium,summary,,5700000,,,,8,3873,679
traffic_source.medium,value,(none),4289121,12016,752477,1,,,
traffic_source.medium,value,organic,1398613,3072,245371,2,,,
traffic_source.medium,value,,3873,64,679,3,,,
traffic_source.medium,value,dynamic_link,2812,5,493,4,,,
traffic_source.medium,value,invite_a_friend_campaign,2652,21,465,5,,,
traffic_source.medium,value,cpc,1886,18,331,6,,,
traffic_source.medium,value,notification,916,1,161,7,,,
traffic_source.medium,value,graphic,115,3,20,8,,,
traffic_source.medium,value,rj,12,1,2,9,,,
traffic_source.name,summary,,5700000,,,,8,1405615,246599
traffic_source.name,value,(direct),4289121,12016,752477,1,,,
traffic_source.name,value,,1405615,3148,246599,2,,,
traffic_source.name,value,Invite a Friend,2592,19,455,3,,,
traffic_source.name,value,2879480449900304566,916,1,161,4,,,
traffic_source.name,value,Mobile App | US | en | Mobile | UAC Android | Flood It,900,1,158,5,,,
traffic_source.name,value,Mobile App | US | en | Mobile | Display Android | Flood It,442,6,78,6,,,
traffic_source.name,value,Mobile App | US | en | Mobile | Display iOS | Flood It,276,6,48,7,,,
traffic_source.name,value,FloodItAndroid_Feb2017,115,3,20,8,,,
traffic_source.name,value,spring_sale,23,1,4,9,,,
traffic_source.source,summary,,5700000,,,,9,3873,679
traffic_source.source,value,(direct),4289121,12016,752477,1,,,
traffic_source.source,value,google-play,1375844,3035,241376,2,,,
traffic_source.source,value,google,24632,54,4321,3,,,
traffic_source.source,value,,3873,64,679,4,,,
traffic_source.source,value,firebase,2812,5,493,5,,,
traffic_source.source,value,invite_a_friend,2652,21,465,6,,,
traffic_source.source,value,Firebase,916,1,161,7,,,
traffic_source.source,value,AppLovin,115,3,20,8,,,
traffic_source.source,value,Google,23,1,4,9,,,
traffic_source.source,value,rj,12,1,2,10,,,
